row,col,predicted_demand
0,0,163.80159181647997
0,1,134.0969962122502
0,2,156.84416462314
0,3,160.9757160061856
0,4,184.91514058125122
0,5,161.89274038379995
0,6,161.45353508771387
0,7,185.59837391287834
0,8,136.19657554525503
0,9,192.49780696808347
1,0,163.61611958703665
1,1,137.06131448434834
1,2,145.3887108465064
1,3,166.39465226992638
1,4,179.15793550126145
1,5,144.85163877499778
1,6,155.50563195957173
1,7,162.12758129517954
1,8,152.2079116105235
1,9,133.43044548037886
2,0,148.05897213368192
2,1,156.65360289112436
2,2,179.19845445637236
2,3,168.71384887647181
2,4,168.8970513516237
2,5,141.2104531569778
2,6,184.63404922198376
2,7,150.50373390561745
2,8,155.9461453694522
2,9,162.77267314902522
3,0,187.22079863229982
3,1,177.91035791419338
3,2,153.69883025902547
3,3,151.506010180222
3,4,163.31010038468872
3,5,186.22618940857149
3,6,158.15961361500607
3,7,135.57421425867932
3,8,185.4788902115362
3,9,154.68989954418603
4,0,153.79476402980333
4,1,182.98970133931562
4,2,153.56653834509828
4,3,184.0549856890257
4,4,161.64299886955524
4,5,155.64896739245884
4,6,175.3105400613562
4,7,157.41809101215966
4,8,153.14272305179168
4,9,178.07073148521937
5,0,145.6568414928746
5,1,144.57363668782705
5,2,179.64840678792032
5,3,183.4523558882178
5,4,173.62819491953752
5,5,190.51451115059496
5,6,157.90103965232095
5,7,147.33991676116673
5,8,167.0183884319644
5,9,181.18405095231893
6,0,170.0955610513518
6,1,134.74443632824054
6,2,187.21463083530932
6,3,190.90313187760347
6,4,185.32715532591249
6,5,164.39961648441766
6,6,167.2850455257186
6,7,158.41023558374513
6,8,174.48085444956675
6,9,185.61351831571588
7,0,158.8535686406204
7,1,142.51555611131664
7,2,162.1502537624832
7,3,168.35856433357537
7,4,173.91315033261958
7,5,170.2714962266095
7,6,161.4329426135385
7,7,151.7151887210376
7,8,166.78784154299876
7,9,183.57328156332238
8,0,161.67730153053196
8,1,155.73992880446332
8,2,185.8323241349252
8,3,137.3251674441088
8,4,164.3951473077391
8,5,173.57592272638738
8,6,166.9813949074284
8,7,156.84416462314
8,8,149.36528440105465
8,9,150.74448045736708
9,0,173.19497380993948
9,1,196.851694642104
9,2,160.38933971492824
9,3,172.6286158975796
9,4,175.5941731392088
9,5,167.0382198248805
9,6,191.0651842850206
9,7,138.70408598849434
9,8,161.63077025070135
9,9,162.60065967244907
